{
  "Total_Time_sec": 1635.774716,
  "Movement_Time_samples": 355,
  "Movement_Percentage": 1.9921436588103254,
  "SNR_Before_LED_A_Detector_1 + LED_B_Detector_3": 107.70000948895789,
  "SNR_Before_LED_A_Detector_2 + LED_B_Detector_2": 25.361802875738437,
  "SNR_Before_LED_A_Detector_3 + LED_B_Detector_1": 7.3044496661985,
  "SNR_After_LED_A_Detector_1 + LED_B_Detector_3": 107.70070976199032,
  "SNR_After_LED_A_Detector_2 + LED_B_Detector_2": 25.361504301049184,
  "SNR_After_LED_A_Detector_3 + LED_B_Detector_1": 7.304065198216867
}